<?xml version="1.0"?>
<doc>
    <assembly>
        <name>FeedMe.Api</name>
    </assembly>
    <members>
        <member name="T:FeedMe.Api.LambdaEntryPoint">
            <summary>
            This class extends from APIGatewayProxyFunction which contains the method FunctionHandlerAsync which is the 
            actual Lambda function entry point. The Lambda handler field should be set to
            
            FeedMe.Api::FeedMe.Api.LambdaEntryPoint::FunctionHandlerAsync
            </summary>
        </member>
        <member name="M:FeedMe.Api.LambdaEntryPoint.Init(Microsoft.AspNetCore.Hosting.IWebHostBuilder)">
            <summary>
            The builder has configuration, logging and Amazon API Gateway already configured. The startup class
            needs to be configured in this method using the UseStartup() method.
            </summary>
            <param name="builder"></param>
        </member>
        <member name="M:FeedMe.Api.LambdaEntryPoint.Init(Microsoft.Extensions.Hosting.IHostBuilder)">
            <summary>
            Use this override to customize the services registered with the IHostBuilder. 
            
            It is recommended not to call ConfigureWebHostDefaults to configure the IWebHostBuilder inside this method.
            Instead customize the IWebHostBuilder in the Init(IWebHostBuilder) overload.
            </summary>
            <param name="builder"></param>
        </member>
        <member name="T:FeedMe.Api.LocalEntryPoint">
            <summary>
            The Main function can be used to run the ASP.NET Core application locally using the Kestrel webserver.
            </summary>
        </member>
    </members>
</doc>
